,source,author,title,description,url,urlToImage,publishedAt,content,sentiment
0,"{'id': 'the-verge', 'name': 'The Verge'}",Richard Lawler,Feds charge director with $11 million fraud over his unfinished Netflix show,"“The Strange $55 Million Saga of a Netflix Series You’ll Never See,” reported in 2023 by the New York Times, is now a criminal matter, as today prosecutors in the Southern District of New York charged director Carl Erik Rinsch with wire fraud, money launderin…",https://www.theverge.com/news/632264/netflix-carl-rinsch-white-horse-fraud-charges,https://platform.theverge.com/wp-content/uploads/sites/2/2025/03/acastro_STK072_02.jpg?quality=90&strip=all&crop=0%2C10.732984293194%2C100%2C78.534031413613&w=1200,2025-03-18T23:46:06Z,"Carl Erik Rinsch allegedly told Netflix he needed $11 million to finish a sci fi show, then spent the money on stocks, cars, and crypto.
Carl Erik Rinsch allegedly told Netflix he needed $11 million… [+2229 chars]",0.0
1,"{'id': 'the-verge', 'name': 'The Verge'}",Umar Shakir,Elon Musk made more promises about Optimus and Cybercabs at Tesla’s surprise all-hands meeting,"At a surprise all-hands-on meeting Thursday night in Texas, Tesla CEO Elon Musk rallied up his company’s employees as the brand’s public reputation continues to plummet, Business Insider reports. At the livestreamed meeting, Musk told employees to “hang on to…",https://www.theverge.com/news/633907/elon-musk-tesla-employee-meeting-stock-value-drop-cybercab-optimus,https://platform.theverge.com/wp-content/uploads/sites/2/2025/01/STK022_ELON_MUSK_2_CVIRGINIA_B.jpg?quality=90&strip=all&crop=0%2C9.9676601489831%2C100%2C80.064679702034&w=1200,2025-03-21T16:35:15Z,"The Tesla CEO pleads with employees (and, indirectly, to investors) to hang onto their stocks.
The Tesla CEO pleads with employees (and, indirectly, to investors) to hang onto their stocks.
At a su… [+2089 chars]",0.0
2,"{'id': 'the-verge', 'name': 'The Verge'}",Emma Roth,Robinhood is launching bank accounts that will deliver physical cash ‘to your doorstep’,"Robinhood is getting closer to becoming a full-fledged financial service. On Wednesday, the company announced a wholly online banking platform that will offer checking and savings accounts to Robinhood Gold subscribers when it launches this fall. The platform…",https://www.theverge.com/news/636733/robinhood-banking-launch-cash-deliveries,https://platform.theverge.com/wp-content/uploads/sites/2/2025/03/acastro_STK049_01.jpg?quality=90&strip=all&crop=0%2C10.732984293194%2C100%2C78.534031413613&w=1200,2025-03-26T19:56:23Z,"Gold subscribers can sign up for a checking or savings account through Robinhood later this year.
Gold subscribers can sign up for a checking or savings account through Robinhood later this year.
R… [+2604 chars]",0.0
3,"{'id': None, 'name': 'Gizmodo.com'}",Lucas Ropek,Stocks Plunge After Trump Declares Web Rumor on Tariffs ‘Fake News’,The stock market had a brief moment of hope on Monday morning thanks to a false rumor.,https://gizmodo.com/stocks-plunge-after-trump-declares-web-rumor-on-tariffs-fake-news-2000585932,https://gizmodo.com/app/uploads/2025/01/Donald-Trump-press-conference-plane-crash-Jan.-30-2025.jpg,2025-04-07T17:32:00Z,"The stock market went on a rollercoaster ride this morning, shooting upwards after news circulated online that President Donald Trump was considering a 90-day pause of his global tariff policy. Howev… [+4104 chars]",0.0
4,"{'id': 'the-verge', 'name': 'The Verge'}",Todd Haselton,Apple has its biggest stock drop in five years because of Trump’s tariffs,"Shares of Apple, Amazon and other tech stocks are getting walloped on Thursday as the markets digest the impact of Trump’s new round of tariffs announced on Wednesday evening. Shares of Apple were down about 9 percent on Thursday morning, which would mark the…",https://www.theverge.com/news/642598/apple-amazon-microsoft-and-other-tech-stocks-are-getting-walloped-by-trumps-tariffs,https://platform.theverge.com/wp-content/uploads/sites/2/2025/03/STKS501_STOCKS_CVIRGINIA_D.jpg?quality=90&strip=all&crop=0%2C10.732984293194%2C100%2C78.534031413613&w=1200,2025-04-03T14:13:00Z,"Amazon and Meta shares are down about 7 percent.
Amazon and Meta shares are down about 7 percent.
Shares of Apple, Amazon, and other tech stocks are getting walloped on Thursday as the markets dige… [+1268 chars]",0.8271
5,"{'id': 'the-verge', 'name': 'The Verge'}",Todd Haselton,Apple has its biggest stock drop in five years because of Trump’s tariffs,"Shares of Apple, Amazon, and other tech stocks are getting walloped on Thursday as the markets digest the impact of President Donald Trump’s new round of tariffs announced on Wednesday evening. Shares of Apple were down about 9 percent on Thursday morning, wh…",https://www.theverge.com/news/642598/apple-stock-trump-tariffs,https://platform.theverge.com/wp-content/uploads/sites/2/2025/03/STKS501_STOCKS_CVIRGINIA_D.jpg?quality=90&strip=all&crop=0%2C10.732984293194%2C100%2C78.534031413613&w=1200,2025-04-03T14:38:12Z,"Amazon and Meta shares are down about 7 percent.
Amazon and Meta shares are down about 7 percent.
Shares of Apple, Amazon, and other tech stocks are getting walloped on Thursday as the markets dige… [+1268 chars]",0.8271
6,"{'id': None, 'name': 'Gizmodo.com'}",Kyle Barr,Nvidia’s RTX 5060 May Have Just Joined the Queue of Hardware Delayed This Week,"I’m sure everything at Nvidia is fine, and big tech is certainly unconcerned about tariffs.",https://gizmodo.com/nvidias-rtx-5060-may-have-just-joined-the-queue-of-hardware-delayed-this-week-2000578802,https://gizmodo.com/app/uploads/2025/01/Nvidia-Geforce-RTX-5090-5080-5070.jpg,2025-03-20T21:00:53Z,Those hoping to finally see Nvidias lower-end graphics cards in-personor at least see a pretty picture next to the dreaded words out of stockmay need to wait several weeks more. The Nvidia GeForce RT… [+3083 chars],0.3182
7,"{'id': 'business-insider', 'name': 'Business Insider'}",jfaris@businessinsider.com (James Faris),A dreaded stagflation scenario is increasingly likely — but Trump's tariffs may be more bark than bite,"Stocks are down due to fears about slower economic growth and higher prices. However, UBS is still upbeat due to coming clarity about Trump's tariffs.",https://www.businessinsider.com/stock-market-outlook-economy-stagflation-risk-trump-tariff-investing-ubs-2025-3,https://i.insider.com/67d99d4db8b41a9673faf97c?width=1200&format=jpeg,2025-03-18T18:12:36Z,"Investors who went to the ballot box last fall with their pocketbook top of mind could be battling a case of voter's remorse, even as market strategists say it's way too soon to lose hope.
US stocks… [+5942 chars]",-0.296
8,"{'id': 'business-insider', 'name': 'Business Insider'}",mfox@businessinsider.com (Matthew Fox),The stock market is flirting with a dangerous technical level,"""Our intermediate-term indicators suggest the correction will resume mid- to late April,"" technical analyst Katie Stockton said this week.",https://www.businessinsider.com/stock-market-outlook-bearish-signal-200-day-moving-average-2025-3,https://i.insider.com/672500b29b3250dbbcebb0a5?width=1200&format=jpeg,2025-03-28T14:22:35Z,"Stocks are in a danger zone closely watched by technical analysts for signs of further weakness ahead. 
The S&amp;P 500 and the Nasdaq 100 have both been trading below theur 200-day moving average, … [+1609 chars]",-0.7351
9,"{'id': 'business-insider', 'name': 'Business Insider'}","Thibault Spirlet,Theron Mohamed",Jensen Huang and Michael Dell are out of the $100 billion club after a terrible quarter for stocks,"Jensen Huang, Michael Dell, and Amancio Ortega exited the ranks of the very richest after stocks tumbled in the first quarter, denting their net worth.",https://www.businessinsider.com/jensen-huang-michael-dell-100-billion-club-stock-market-slide-2025-4,https://i.insider.com/67ebd31563d72727e198cbc3?width=1200&format=jpeg,2025-04-01T13:36:58Z,"Jensen Huang is CEO of Nvidia.AP Photo/Nic Coury
<ul><li>The $100 billion club got smaller after a tough three months on the markets.</li><li>Michael Dell's net worth fell by $24.5 billion this year… [+2924 chars]",0.1027
10,"{'id': 'business-insider', 'name': 'Business Insider'}",Katherine Li,Markets react to Trump's 'Liberation Day' tariffs as stocks plunge in after-hours trading,US stock futures cratered after Trump unveiled his long-anticipated tariffs in an address at the White House Rose Garden on Wednesday.,https://www.businessinsider.com/stock-market-futures-trump-liberation-day-tariffs-apple-nike-amazon-2025-4,https://i.insider.com/67edd19eb8b41a9673fc7e88?width=1200&format=jpeg,2025-04-03T00:58:50Z,"Trump holds up a graph that supposedly shows how much tariff other countries have on the US, versus what he calls ""reciprocal tariffs.""Carlos Barria/REUTERS
<ul><li>Global markets plummeted after Tr… [+2861 chars]",0.0
11,"{'id': None, 'name': 'Yahoo Entertainment'}",,3 Promising Penny Stocks With Market Caps Up To $900M,,https://consent.yahoo.com/v2/collectConsent?sessionId=1_cc-session_582202df-2d34-4b52-891c-f1b49238c053,,2025-03-19T11:04:53Z,"If you click 'Accept all', we and our partners, including 239 who are part of the IAB Transparency &amp; Consent Framework, will also store and/or access information on a device (in other words, use … [+702 chars]",0.5423
12,"{'id': None, 'name': 'Yahoo Entertainment'}",,3 Quantum Computing Stocks That Could Make You a Millionaire,,https://consent.yahoo.com/v2/collectConsent?sessionId=1_cc-session_d0b2c8db-9716-449d-96b8-7707aaabd06e,,2025-03-29T13:00:00Z,"If you click 'Accept all', we and our partners, including 238 who are part of the IAB Transparency &amp; Consent Framework, will also store and/or access information on a device (in other words, use … [+702 chars]",0.5423
13,"{'id': None, 'name': 'Yahoo Entertainment'}",,4 Prominent Permian Basin Stocks Worth Keeping on Your Radar,,https://consent.yahoo.com/v2/collectConsent?sessionId=1_cc-session_f5091565-6eb2-4e66-8a24-ec646a7b0cb6,,2025-03-31T13:10:00Z,"If you click 'Accept all', we and our partners, including 238 who are part of the IAB Transparency &amp; Consent Framework, will also store and/or access information on a device (in other words, use … [+702 chars]",0.5423
14,"{'id': None, 'name': 'CoinDesk'}",CoinDesk,U.S. Stocks More Volatile Than Bitcoin,"U.S. stocks have become more volatile than Bitcoin, with the S&P 500’s seven-day realized volatility surging to 169% compared to Bitcoin’s 83%. CoinDesk's...",https://videos.coindesk.com/previews/EDXc0PiW,https://media.zenfs.com/en/coindesk_75/f96b0ae84958f9e2bfc7699e720a9f0e,2025-04-11T20:44:27Z,"U.S. stocks have become more volatile than Bitcoin, with the S&amp;P 500s seven-day realized volatility surging to 169% compared to Bitcoins 83%. CoinDesk's Christine Lee explores on ""Chart of the Da… [+2 chars]",0.0
15,"{'id': None, 'name': 'Yahoo Entertainment'}",Josh Lipton,Soda stocks drop as food stamp band push gains momentum,"Soda stocks, including Pepsi (PEP), Coca-Cola (KO), and Keurig Dr Pepper (KDP), are falling on Friday after Robert Kennedy Jr. reportedly announced his plan ...",https://finance.yahoo.com/video/soda-stocks-drop-food-stamp-195932283.html,https://s.yimg.com/ny/api/res/1.2/.vPjhpuxFY.ETMBrPTvRhQ--/YXBwaWQ9aGlnaGxhbmRlcjt3PTEyMDA7aD02NzY-/https://s.yimg.com/os/creatr-uploaded-images/2025-03/32b4f920-0c0b-11f0-ba77-41c9239650e7,2025-03-28T19:59:32Z,Soda stocks are slipping today. This is coming after Robert Kennedy Jr. reportedly announced his intent to seek the federal government's help in banning the use of food stamps to buy soda. This is ac… [+1843 chars],0.4019
16,"{'id': None, 'name': 'Yahoo Entertainment'}",,Seeking Income? These 3 AI Stocks Pay Dividends,,https://consent.yahoo.com/v2/collectConsent?sessionId=1_cc-session_09a4d758-f860-49c8-94f6-c4ea70fc7408,,2025-03-24T21:33:00Z,"If you click 'Accept all', we and our partners, including 239 who are part of the IAB Transparency &amp; Consent Framework, will also store and/or access information on a device (in other words, use … [+702 chars]",0.5423
17,"{'id': 'business-insider', 'name': 'Business Insider'}",Nathan Rennolds,'Dream news' for tech sector as US announces tariff exemptions,"Wall Street analyst Dan Ives called it ""dream news"" for the tech industry and ""massive relief"" for tech stocks.",https://www.businessinsider.com/dream-news-tech-sector-trump-announces-tariff-exemptions-2025-4,https://i.insider.com/67fa71433fe8d3928362f00e?width=1024&format=jpeg,2025-04-12T14:04:02Z,"Donald Trump talks to reporters on February 2, 2025, in Maryland.Jim WATSON / AFP
<ul><li>The US has announced that a number of key tech products will be exempted from Trump's ""reciprocal"" tariffs.<… [+880 chars]",0.0772
18,"{'id': 'business-insider', 'name': 'Business Insider'}",fdemott@businessinsider.com (Filip De Mott),Inside one of the wildest weeks for markets in recent memory,"""It seems that we go from panic to euphoria to terror,"" one analyst told Business Insider. Stocks and bonds swung violently, while the dollar plunged.",https://www.businessinsider.com/stock-market-today-sell-off-bond-yields-trump-trade-tariffs-2025-4,https://i.insider.com/67f96179a466d2b74ab2fb8c?width=1200&format=jpeg,2025-04-11T20:03:10Z,"Shocking stock-market volatility, chaos in the bond market, and a plunge in the dollar this week in markets is destined for the history books.
The S&amp;P 500 wrapped up its best week since November… [+5973 chars]",-0.296
19,"{'id': 'business-insider', 'name': 'Business Insider'}",fdemott@businessinsider.com (Filip De Mott),Retail investors didn't lose faith as stocks crashed — and it paid off big-time,"""The willingness of Retail investors to place confidence on market upside despite radical policy uncertainty has clearly paid off,"" JPMorgan said.",https://www.businessinsider.com/stock-market-crash-rally-retail-investors-trump-trade-war-tariffs-2025-4,https://i.insider.com/67f7d6dd3fe8d3928362b177?width=1200&format=jpeg,2025-04-10T14:35:27Z,"Relentless optimism in the face of market chaos paved the way to monster gains for individual investors who kept buying the dip as stocks cratered. 
Retail portfolios netted a 17% gain on Wednesday … [+1793 chars]",0.7003
20,"{'id': 'business-insider', 'name': 'Business Insider'}",mabrego@businessinsider.com (Michelle Abrego),"Larry Fink says we are 'probably' in a recession, but don't sell your stocks just yet","Larry Fink of BlackRock says that most of the CEOs he has been talking to ""would say we are probably in a recession right now.""",https://www.businessinsider.com/larry-fink-blackrock-recession-buying-opportunities-2025-4,https://i.insider.com/67f43049c6ad288d147d73b9?width=799&format=jpeg,2025-04-07T20:07:10Z,"The CEO of the world's largest asset manager was asked if he thinks a recession is coming. Larry Fink's response: We're in it.
Most CEOs Fink has been talking to ""would say we are probably in a rece… [+1626 chars]",-0.0772
21,"{'id': None, 'name': 'Yahoo Entertainment'}",Hamna Asim,PayPal Holdings (PYPL): Among the Most Undervalued NASDAQ Stocks to Buy According to Hedge Funds,"We recently published a list of 13 Most Undervalued NASDAQ Stocks To Buy According To Hedge Funds. In this article, we are going to take a look at where...",https://finance.yahoo.com/news/paypal-holdings-pypl-among-most-132656973.html,https://s.yimg.com/ny/api/res/1.2/VqD2.4PQkWRVCEp3jgL1yg--/YXBwaWQ9aGlnaGxhbmRlcjt3PTEyMDA7aD02NzM-/https://media.zenfs.com/en/insidermonkey.com/46983350c422d6aa98ee179d8be31e0f,2025-03-17T13:26:56Z,"We recently published a list of 13 Most Undervalued NASDAQ Stocks To Buy According To Hedge Funds. In this article, we are going to take a look at where PayPal Holdings, Inc. (NASDAQ:PYPL) stands aga… [+6186 chars]",0.0
22,"{'id': 'business-insider', 'name': 'Business Insider'}",tmohamed@businessinsider.com (Theron Mohamed),'Shark Tank' star Kevin O'Leary says it's a good time to buy stocks — and doesn't see a recession yet,"Celebrity investor Kevin O'Leary said Trump's tariffs are temporary, and the stock market's correction is throwing up bargains for bold buyers.",https://www.businessinsider.com/shark-tank-kevin-oleary-stock-market-correction-trump-tariffs-recession-2025-3,https://i.insider.com/66ec3b13d17aa3c7b2b41c3f?width=1024&format=jpeg,2025-03-14T12:58:29Z,"The S&amp;P 500 may have followed the Nasdaq Composite into correction territory on Thursday, but Kevin O'Leary has said the pain will be temporary and bargain hunters should buy the dip.
President … [+1877 chars]",-0.5023
23,"{'id': 'business-insider', 'name': 'Business Insider'}",Pete Syme,Tariffs are set to make your next flight more expensive — as airline stocks keep plummeting,"Airline stocks were among the hardest hit by Donald Trump's tariff announcement. Demand has been waning, but analysts expect airfares to rise.",https://www.businessinsider.com/tariffs-are-set-to-make-your-next-flight-more-expensive-2025-4,https://i.insider.com/67eeb21363d72727e19919e4?width=1200&format=jpeg,2025-04-04T10:33:51Z,"The big three airline stocks are down more than a third this year.Scott Olson/Getty Images
<ul><li>Airline stocks have been plummeting this year on fears of reduced demand.</li><li>They were among t… [+4917 chars]",-0.4215
24,"{'id': 'business-insider', 'name': 'Business Insider'}",Bradley Saacks,Call it the billionaire boomerang: The ultrawealthy are turning on Trump over tariffs,"Hedge fund billionaires like Dan Loeb, Bill Ackman, and Stanley Druckenmiller have been critical of the tariffs that have sent stocks tumbling.",https://www.businessinsider.com/billionaires-trump-tariffs-stocks-hedge-funds-ackman-loeb-druckenmiller-2025-4,https://i.insider.com/67f4d2813fe8d39283626677?width=1024&format=jpeg,2025-04-08T09:01:01Z,"Ken Langone, cofounder of Home Depot, speaks at a conference in 2014.REUTERS/Rick Wilking
<ul><li>President Donald Trump's tariff policies have vaporized trillions of dollars from the stock market.<… [+4118 chars]",0.0
25,"{'id': None, 'name': 'BBC News'}",,Chippy apologises for prices as fish costs surge,A chippy in Gloucestershire explains how rising fish costs are pushing up the Friday night favourite.,https://www.bbc.com/news/articles/cx2w4lqz73no,https://ichef.bbci.co.uk/news/1024/branded_news/6aaf/live/945a3a70-12e4-11f0-b182-81b971f8bd66.jpg,2025-04-06T13:30:41Z,"Duncan CookBBC News, Gloucestershire
Tess de la MareBBC News, West of England
The Nippy Chippy in Gloucestershire explained price rises were down to a increase in fish costs
A chip shop has apolog… [+2620 chars]",0.3182
26,"{'id': 'business-insider', 'name': 'Business Insider'}",Theron Mohamed,"Stocks, the economy, and the entire world order are at risk if Trump doubles down on tariffs, Deutsche Bank says","Deutsche Bank's research team said US stocks could be hit hard if global trade unravels, and rang the alarm on growth, inflation, and unemployment.",https://www.businessinsider.com/trump-tariffs-stocks-economy-world-order-deutsche-bank-trade-war-2025-4,https://i.insider.com/67f3b02c63d72727e19958fd?width=1200&format=jpeg,2025-04-07T11:39:04Z,"President Donald Trump's tariffs could have global implications, Deutsche Bank says.Andrew Harnik/Getty Images
<ul><li>President Donald Trump's tariffs could have consequences for the current world … [+2863 chars]",0.0
27,"{'id': 'business-insider', 'name': 'Business Insider'}",Kwan Wei Kevin Tan,"Trump says he doesn't want stocks to crater, but 'sometimes you have to take medicine'",Trump announced reciprocal tariffs on over 180 countries. The move sparked panic in the stock market.,https://www.businessinsider.com/trump-stock-sell-off-sometimes-you-have-to-take-medicine-2025-4,https://i.insider.com/67f32b13b8b41a9673fcc81e?width=1200&format=jpeg,2025-04-07T02:06:44Z,"""I don't want anything to go down, but sometimes you have to take medicine to fix something,"" President Donald Trump told reporters on Sunday.Chip Somodevilla via Getty Images
<ul><li>President Dona… [+1610 chars]",-0.0286
28,"{'id': None, 'name': 'Yahoo Entertainment'}",,3 Reliable Dividend Growth Stocks to Escape Market Turmoil,,https://consent.yahoo.com/v2/collectConsent?sessionId=1_cc-session_44da920f-61bb-4a39-9ceb-0bbb62db6e1d,,2025-04-08T14:49:00Z,"If you click 'Accept all', we and our partners, including 239 who are part of the IAB Transparency &amp; Consent Framework, will also store and/or access information on a device (in other words, use … [+702 chars]",0.5423
29,"{'id': 'business-insider', 'name': 'Business Insider'}",Theron Mohamed,"Boomers face a 'devastating' blow to their life savings as more tariff pain looms, finance guru warns","Finance professor Peter Ricchiuti told BI tariffs are ""prosperity killers"" that have turned running a business into a ""big game of Whack-A-Mole.""",https://www.businessinsider.com/trump-tariffs-stock-market-economy-outlook-inflation-recession-trade-business-2025-4,https://i.insider.com/67ed1cb869253ccddf9afc2c?width=1200&format=jpeg,2025-04-03T09:37:10Z,"President Donald Trump's tariffs will affect stocks and the economy.AP Photo/Pablo Martinez Monsivais
<ul><li>Baby boomers will soon open their IRA statements and may damage their retirement funds.<… [+4094 chars]",-0.4939
30,"{'id': 'business-insider', 'name': 'Business Insider'}",Bryan Metzger,It may be weeks before we learn which politicians cashed in on Trump's tariff-driven stock market dip,"Democrats are raising alarms about potential insider trading. There's no evidence yet, but lawmakers and Trump advisors have to disclose by mid-May.",https://www.businessinsider.com/politicians-insider-trading-stock-market-tariffs-trump-disclosures-timing-2025-4,https://i.insider.com/67f914fe3fe8d3928362cf03?width=1200&format=jpeg,2025-04-11T18:29:58Z,"Rep. Marjorie Taylor Greene bought thousands of dollars of stock in 17 different companies as markets began to tank in the wake of Trump's tariff announcement.Allison Robbert/AFP via Getty Images
<u… [+5515 chars]",0.0
31,"{'id': None, 'name': 'CNET'}",Danni Santana,I Like to Buy Stocks With Part of My Tax Refund. I Don't Suggest That for Most People Right Now,Timing the market is a dangerous game. It's safer to invest long-term for retirement than 'buying the dip'.,https://www.cnet.com/personal-finance/taxes/i-like-to-buy-stocks-with-part-of-my-tax-refund-i-dont-suggest-that-for-most-people-right-now/,https://www.cnet.com/a/img/resize/d71d1017d49b0c34ccc1b3025eaae9cc5080c78f/hub/2025/04/11/e96cf202-0f43-463d-a6e0-d097b7cbb25c/image.png?auto=webp&fit=crop&height=675&width=1200,2025-04-11T15:15:22Z,"I didn't receive a tax refund this year. But in years where I do get money back, I normally add cash to my sinking funds, treat myself to an expensive retail purchase like designer sneakers and pay o… [+5318 chars]",0.7351
32,"{'id': 'abc-news', 'name': 'ABC News'}",Max Zahn,US stocks climb amid signs government may avert shutdown,The early gains erase some losses suffered during an escalating trade war.,https://abcnews.go.com/Business/us-stocks-climb-amid-signs-government-avert-shutdown/story?id=119792598,https://i.abcnewsfe.com/a/b7a31a21-4101-406b-847e-25c1b02631f4/new-york-stock-exchange-gty-jef-250314_1741958008448_hpMain_16x9.jpg?w=1600,2025-03-14T13:37:15Z,"U.S. stocks climbed in early trading on Thursday, advancing amid signs the federal government may avert a shutdown and recovering some of the losses suffered during an escalating trade war.
The Dow … [+1385 chars]",-0.8885
33,"{'id': 'abc-news', 'name': 'ABC News'}",Max Zahn,Stocks slide on the eve of Trump's tariff announcement,"Trump has said new tariffs will impact ""all countries.""",https://abcnews.go.com/Business/stocks-slide-eve-trumps-tariff-announcement/story?id=120369618,https://i.abcnewsfe.com/a/51042c58-e967-45ff-ad21-4ec5dac5f0cc/new-york-stock-exchange-rt-jef-250401_1743514082975_hpMain_16x9.jpg?w=1600,2025-04-01T13:41:25Z,"U.S. stocks tumbled in early trading on Tuesday, just a day before President Donald Trump's expected announcement of sweeping new tariffs.
The Dow Jones Industrial Average fell 250 points, or 0.6%, … [+580 chars]",0.0
34,"{'id': 'the-verge', 'name': 'The Verge'}",Andrew Liszewski,The Flipper Zero creators have a new tool to fight work distractions,"The creators of the Flipper Zero, a sort of electronic Swiss army knife for communicating with other devices, have come up with another tool that’s designed to boost productivity and reduce distractions. The Busy Bar is a customizable app-connected pixelated …",https://www.theverge.com/news/645883/the-flipper-zero-creators-have-a-new-tool-to-fight-work-distractions,https://platform.theverge.com/wp-content/uploads/sites/2/2025/04/busybar1.jpg?quality=90&strip=all&crop=0%2C10.732984293194%2C100%2C78.534031413613&w=1200,2025-04-09T17:17:42Z,"The Busy Bar can be left sitting on a desk, mounted to a wall, or perched atop your computer screen using its folding stand. | Image: Flipper Devices


The creators of the Flipper Zero, a sort of el… [+3213 chars]",0.0
35,"{'id': 'business-insider', 'name': 'Business Insider'}","Thibault Spirlet,Theron Mohamed",Warren Buffett is now richer than Bill Gates after $18 billion wealth gain this year,"Warren Buffett is worth $161 billion, putting him $1 billion ahead of Bill Gates on Bloomberg's rich list.",https://www.businessinsider.com/warren-buffett-bill-gates-net-worth-wealth-berkshire-microsoft-stock-2025-3,https://i.insider.com/67d7ffe169253ccddf996988?width=640&format=jpeg,2025-03-17T13:03:33Z,"Warren Buffett has surpassed Bill Gates in net worth.Daniel Zuchnik/WireImage via Getty Images; Sean Gallup/Getty Images
<ul><li>Warren Buffett has surpassed Bill Gates on the Bloomberg Billionaires… [+3309 chars]",0.0
36,"{'id': None, 'name': 'Yahoo Entertainment'}",Madison Mills,"This is the Magnificent 7 stock to buy on the dip, strategist says","The ""Magnificent Seven"" stocks haven't been immune to the overall market decline. BMO Capital Markets Chief investment Strategist Brian Belski says there's...",https://finance.yahoo.com/video/magnificent-7-stock-buy-dip-202944833.html,https://s.yimg.com/ny/api/res/1.2/zE_qf0_n55.irIVpKXNcEQ--/YXBwaWQ9aGlnaGxhbmRlcjt3PTEyMDA7aD02NzY-/https://s.yimg.com/os/creatr-uploaded-images/2025-03/a2d7b4d0-0112-11f0-bfff-4cc371c2a1cf,2025-03-14T20:29:44Z,"The ""Magnificent Seven"" stocks haven't been immune to the overall market decline. BMO Capital Markets Chief investment Strategist Brian Belski says there's one Mag 7 stock he would buy on the dip. Fi… [+140 chars]",0.461
37,"{'id': None, 'name': 'Yahoo Entertainment'}",Yahoo Finance,Tariffs slam retailers as Walmart and Nike face big losses,"Retail stocks are taking a hit in after-hours trading, with Walmart (WMT) and Amazon (AMZN) seeing significant drops. Yahoo Finance Executive Editor Brian...",https://finance.yahoo.com/video/tariffs-slam-retailers-walmart-nike-213624553.html,https://s.yimg.com/ny/api/res/1.2/3b3qX9rmkOFeHGvPKVovew--/YXBwaWQ9aGlnaGxhbmRlcjt3PTEyMDA7aD02NzY-/https://s.yimg.com/os/creatr-uploaded-images/2025-04/be3bfab0-1008-11f0-9fbf-2063f52d0ef5,2025-04-02T21:36:24Z,"Some of the big movers after hours right now, they include retailers. And Yahoo Finance executive editor, Brian Sozzi has a look at some key names, guys. 
Yeah, Josh, looking uh, ugly here in the af… [+1679 chars]",-0.2732
38,"{'id': None, 'name': 'Yahoo Entertainment'}",,Have $500? 2 Absurdly Cheap Stocks Long-Term Investors Should Buy Right Now,,https://consent.yahoo.com/v2/collectConsent?sessionId=1_cc-session_ef1b85b9-c7a3-4dc8-a8a6-6e9a651dab52,,2025-03-15T09:10:00Z,"If you click 'Accept all', we and our partners, including 238 who are part of the IAB Transparency &amp; Consent Framework, will also store and/or access information on a device (in other words, use … [+702 chars]",0.5423
39,"{'id': None, 'name': 'Yahoo Entertainment'}",,"Stocks rebound amid hopes of ease in tariffs, but Trump says more tariffs coming",,https://consent.yahoo.com/v2/collectConsent?sessionId=1_cc-session_e3dc6d92-a7b4-4334-af13-f87fc89ac175,,2025-03-24T20:50:50Z,"If you click 'Accept all', we and our partners, including 239 who are part of the IAB Transparency &amp; Consent Framework, will also store and/or access information on a device (in other words, use … [+702 chars]",0.5423
40,"{'id': None, 'name': 'Yahoo Entertainment'}",,"Is Uber Technologies, Inc. (NYSE:UBER) Among the Best Delivery Stocks to Buy According to Billionaires?",,https://consent.yahoo.com/v2/collectConsent?sessionId=1_cc-session_5ec981a7-8049-407c-81d4-78cd7f7bdbb1,,2025-03-14T00:27:44Z,"If you click 'Accept all', we and our partners, including 238 who are part of the IAB Transparency &amp; Consent Framework, will also store and/or access information on a device (in other words, use … [+702 chars]",0.5423
41,"{'id': None, 'name': 'Yahoo Entertainment'}",,The Dow Theory market indicator is sounding alarm bells for stocks,,https://consent.yahoo.com/v2/collectConsent?sessionId=1_cc-session_e2143495-c8eb-48dc-b23c-45115c23af1d,,2025-03-17T15:00:00Z,"If you click 'Accept all', we and our partners, including 238 who are part of the IAB Transparency &amp; Consent Framework, will also store and/or access information on a device (in other words, use … [+702 chars]",0.5423
42,"{'id': None, 'name': 'Yahoo Entertainment'}",Madison Mills,2 ways to buy the dip as US stocks are under pressure,"There are two ways investors can buy the dip, Bullseye American Ingenuity Fund portfolio manager Adam Johnson tells Madison Mills: by buying on the way down ...",https://finance.yahoo.com/video/2-ways-buy-dip-us-163000368.html,https://s.yimg.com/ny/api/res/1.2/vWznzr7ldZCQuUnyce6w8w--/YXBwaWQ9aGlnaGxhbmRlcjt3PTEyMDA7aD02NzU-/https://s.yimg.com/os/creatr-uploaded-images/2025-03/af8e7880-0342-11f0-bff7-8c062754bff1,2025-03-17T16:30:00Z,"There are two ways investors can buy the dip, Bullseye American Ingenuity Fund portfolio manager Adam Johnson tells Madison Mills: by buying on the way down or on the way up. The portfolio manager hi… [+193 chars]",0.0
43,"{'id': None, 'name': 'Yahoo Entertainment'}",,Shopify Inc. (SHOP): Among Top Stocks to Buy from Ark Invest’s Portfolio,,https://consent.yahoo.com/v2/collectConsent?sessionId=1_cc-session_a1506081-d8da-4f9b-836d-7aa08d8255ef,,2025-03-18T20:20:46Z,"If you click 'Accept all', we and our partners, including 238 who are part of the IAB Transparency &amp; Consent Framework, will also store and/or access information on a device (in other words, use … [+702 chars]",0.5423
44,"{'id': None, 'name': 'Yahoo Entertainment'}",LaToya Harding,FTSE 100 LIVE: Stocks slip as UK borrowing hits £10.7bn in February,"UK public borrowing hit £10.7bn in February, while a fire near Heathrow disrupted global flights.",https://uk.finance.yahoo.com/news/ftse-100-live-stocks-uk-borrowing-rises-heathrow-094519853.html,https://s.yimg.com/ny/api/res/1.2/8UiPcuRBoCRGvFHH_vaDiA--/YXBwaWQ9aGlnaGxhbmRlcjt3PTEyMDA7aD04MDA-/https://s.yimg.com/os/creatr-uploaded-images/2025-03/2eaf5370-0639-11f0-bf63-fb7836020cf9,2025-03-21T09:45:19Z,"UK government borrowing significantly exceeded expectations in February, according to official data, intensifying the pressure on chancellor Rachel Reeves as she prepares for her spring statement nex… [+1618 chars]",-0.296
45,"{'id': None, 'name': 'Yahoo Entertainment'}",Brian Sozzi,Trump's 'Liberation Day' tariffs may send prices for these 3 common household products higher,Household durable goods could see prices go much higher depending on the severity of new Trump tariffs.,https://finance.yahoo.com/news/trumps-liberation-day-tariffs-may-send-prices-for-these-3-common-household-products-higher-130146344.html,https://s.yimg.com/ny/api/res/1.2/EyKw3d4Gaclno2PLmHHN5g--/YXBwaWQ9aGlnaGxhbmRlcjt3PTEyMDA7aD04MDA-/https://s.yimg.com/os/creatr-uploaded-images/2025-04/d655e4b0-0fa1-11f0-b43f-2f2934e764fc,2025-04-02T13:01:46Z,"Take it easy on your kitchen's 20-year-old tile floors. New ones likely won't come cheap if the Trump administration imposes new tariffs today.
New research from Bank of America analyst Rafe Jadrosi… [+3669 chars]",0.3612
46,"{'id': 'time', 'name': 'Time'}",JIANG JUNZHE / AP,Trump’s Tariffs Shock Global Markets at Level Unseen Since Pandemic,Everything from crude oil to Big Tech stocks to the value of the U.S. dollar against other currencies has fallen.,https://time.com/7274757/trump-tariffs-stocks-shock-global-markets-level-unseen-since-pandemic/,https://api.time.com/wp-content/uploads/2025/04/stock-market-crash-trump-tariffs.jpg?quality=85&w=1024&h=628&crop=1,2025-04-04T06:00:00Z,HONG KONG Asian shares slid further Friday after U.S. President Donald Trumps tariffs sent shudders through Wall Street at a level of shock unseen since the COVID-19 pandemic pummeled world markets i… [+4555 chars],-0.1027
47,"{'id': None, 'name': 'Yahoo Entertainment'}",Reuters,"Retail investors buy stocks at largest level in 10 years, JPMorgan says","Retail investors bought $4.7 billion in stocks on Thursday, the highest level over the past decade, JPMorgan said in a note on Friday.  The historic ""buy-to-...",https://ca.finance.yahoo.com/news/retail-bought-stocks-largest-level-135826261.html,https://media.zenfs.com/en/reuters.com/2295cf55e66511e034bf0d874ee16193,2025-04-04T13:58:26Z,"NEW YORK (Reuters) - Retail investors bought $4.7 billion in stocks on Thursday, the highest level over the past decade, JPMorgan said in a note on Friday.
The historic ""buy-to-dip"" move by retail i… [+918 chars]",0.0
48,"{'id': None, 'name': 'Yahoo Entertainment'}",STAN CHOE,US stocks dive after another stunning reversal as uncertainty reigns about Trump's tariffs,"U.S. stocks dove Tuesday following another stunning reversal, with Wall Street veering from a huge gain at the opening of trading to more losses at the close...",https://finance.yahoo.com/news/japans-nikkei-225-stock-index-003904884.html,https://s.yimg.com/ny/api/res/1.2/QLsyvg3pTYmG1gGeVu05CA--/YXBwaWQ9aGlnaGxhbmRlcjt3PTEyMDA7aD04MDA-/https://media.zenfs.com/en/ap.org/53bb0659f647e360d4cad8f292cc2335,2025-04-08T00:39:04Z,"NEW YORK (AP) U.S. stocks dove Tuesday following another stunning reversal, with Wall Street veering from a huge gain at the opening of trading to more losses at the close, because investors still ha… [+4839 chars]",0.6494
49,"{'id': None, 'name': 'Yahoo Entertainment'}",Paula Tudoran,Dad With 'Mini Portfolio' And $1M Investment Plan Wants Son 'Living Off Of Dividend Income Comfortably' – Reddit Debates Best Stocks To Buy,"Every parent wants to give their child a head start in life, especially if they grew up without financial security themselves. The desire to break such a...",https://finance.yahoo.com/news/dad-mini-portfolio-1m-investment-123020359.html,https://s.yimg.com/cv/apiv2/social/images/yahoo_default_logo-1200x1200.png,2025-03-28T12:30:20Z,"Every parent wants to give their child a head start in life, especially if they grew up without financial security themselves.
The desire to break such a generational curse is powerful, but so is th… [+4706 chars]",-0.0046
50,"{'id': None, 'name': 'Yahoo Entertainment'}",editorial-team@simplywallst.com (Simply Wall St),NVIDIA (NasdaqGS:NVDA) Partners With Quantum Machines For AI-Quantum Computing Breakthrough,"During the recent GTC global AI conference, Quantum Machines announced its partnership with NVIDIA (NasdaqGS:NVDA) to collaborate on advancements in quantum ...",https://finance.yahoo.com/news/nvidia-nasdaqgs-nvda-partners-quantum-172327700.html,https://media.zenfs.com/en/simply_wall_st__316/dca719ac52e206a9a696149c1568653d,2025-03-31T17:23:27Z,"During the recent GTC global AI conference, Quantum Machines announced its partnership with NVIDIA to collaborate on advancements in quantum computing, which marked a significant development for the … [+2641 chars]",0.2023
51,"{'id': 'business-insider', 'name': 'Business Insider'}",jsor@businessinsider.com (Jennifer Sor),"Goldman Sachs slashed its S&P 500 target again, with tariffs set to hit stock returns and economic growth",Goldman Sachs cut its S&P 500 target and raised its recession forecast. The bank now sees a 35% chance of a recession in the next 12 months.,https://www.businessinsider.com/stock-market-outlook-sp500-recession-tariffs-goldman-sachs-stock-correction-2025-3,https://i.insider.com/66d2065643b5e59d16b727c4?width=1200&format=jpeg,2025-03-31T13:58:00Z,"The outlook for the stock market is becoming increasingly uncertain, thanks largely to the potential impact of an escalating global trade war. 
Strategists at Goldman Sachs on Sunday night slashed t… [+2946 chars]",-0.6249
52,"{'id': None, 'name': 'Yahoo Entertainment'}",,"2 ""Magnificent Seven"" Stocks Down 19% and 25% You'll Wish You'd Bought on the Dip",,https://consent.yahoo.com/v2/collectConsent?sessionId=1_cc-session_ade1a84f-6481-435d-9ef4-42de833dcd05,,2025-04-04T09:47:00Z,"If you click 'Accept all', we and our partners, including 239 who are part of the IAB Transparency &amp; Consent Framework, will also store and/or access information on a device (in other words, use … [+702 chars]",0.5423
53,"{'id': None, 'name': 'Yahoo Entertainment'}",,3 Dividend Paying Stocks From the Railroad Industry You Should Count On,,https://consent.yahoo.com/v2/collectConsent?sessionId=1_cc-session_e02d718f-3425-489a-8927-be3712a4489a,,2025-04-08T16:00:00Z,"If you click 'Accept all', we and our partners, including 239 who are part of the IAB Transparency &amp; Consent Framework, will also store and/or access information on a device (in other words, use … [+702 chars]",0.5423
54,"{'id': None, 'name': 'Yahoo Entertainment'}",,"Before You Rush to Buy Nvidia, Here Are 3 Artificial Intelligence (AI) Stocks You Can't Afford to Ignore",,https://consent.yahoo.com/v2/collectConsent?sessionId=1_cc-session_ba1f7b53-431e-40c8-b7c0-0b140de03963,,2025-03-25T07:35:00Z,"If you click 'Accept all', we and our partners, including 238 who are part of the IAB Transparency &amp; Consent Framework, will also store and/or access information on a device (in other words, use … [+702 chars]",0.5423
55,"{'id': None, 'name': 'Yahoo Entertainment'}",,New Strong Sell Stocks for March 20th,,https://consent.yahoo.com/v2/collectConsent?sessionId=1_cc-session_418a9623-35b8-4d51-b704-ec6ec176a26f,,2025-03-20T10:12:00Z,"If you click 'Accept all', we and our partners, including 239 who are part of the IAB Transparency &amp; Consent Framework, will also store and/or access information on a device (in other words, use … [+702 chars]",0.5423
56,"{'id': None, 'name': 'Yahoo Entertainment'}",,Why Bank of America Corporation (BAC) is One of the Best Strong Buy Stocks to Buy Right Now,,https://consent.yahoo.com/v2/collectConsent?sessionId=1_cc-session_48bce241-fe46-4ad3-a45c-c8a3627ce0a1,,2025-03-17T23:30:50Z,"If you click 'Accept all', we and our partners, including 238 who are part of the IAB Transparency &amp; Consent Framework, will also store and/or access information on a device (in other words, use … [+702 chars]",0.5423
57,"{'id': None, 'name': 'Yahoo Entertainment'}",,Stock Market Correction: Here Are My Top 5 Stocks That Could Soar By The End of 2025,,https://consent.yahoo.com/v2/collectConsent?sessionId=1_cc-session_1160fa34-dacc-415e-9a8a-d1f94f5a1c7e,,2025-03-21T11:45:00Z,"If you click 'Accept all', we and our partners, including 239 who are part of the IAB Transparency &amp; Consent Framework, will also store and/or access information on a device (in other words, use … [+702 chars]",0.5423
58,"{'id': None, 'name': 'Yahoo Entertainment'}",,These Are My 3 Worst-Performing Stocks So Far in 2025 -- and the One I'm Buying More of Now,,https://consent.yahoo.com/v2/collectConsent?sessionId=1_cc-session_8220e9bf-0a35-45ed-9b39-a823a45c0a3c,,2025-03-28T10:11:00Z,"If you click 'Accept all', we and our partners, including 238 who are part of the IAB Transparency &amp; Consent Framework, will also store and/or access information on a device (in other words, use … [+702 chars]",0.5423
59,"{'id': None, 'name': 'CNET'}",Robin Hartill,US Stock Market Sees Chaotic Swings Amid Tariff Mania. What Can You Do to Protect Your Retirement Savings?,New tariff policies have prompted a huge sell-off in the US stock markets and caused uncertainty for investors.,https://www.cnet.com/personal-finance/investing/us-stock-market-sees-chaotic-swings-amid-tariff-mania-what-can-you-do-to-protect-your-retirement-savings/,https://www.cnet.com/a/img/resize/ba7baba64514990caae217b757f652fa773c1810/hub/2025/03/21/a1fc3d8d-f0dc-466f-a791-afb1ebaedfaa/gettyimages-2203826114.jpg?auto=webp&fit=crop&height=675&width=1200,2025-04-07T16:15:59Z,"The longterm impact of the new US tariffs implemented by President Donald Trump may be unclear, but the short-term effects are causing chaos in the leading US markets. 
After plunging into bear mark… [+4502 chars]",-0.7615
60,"{'id': None, 'name': 'CNET'}",Robin Hartill,US Stock Market Is Plummeting Amid Tariff Mania. Should You 'Buy the Dip' or Stay the Course?,New tariff policies have prompted a huge sell-off in the US stock markets and caused uncertainty for investors.,https://www.cnet.com/personal-finance/investing/us-stock-market-is-plummeting-amid-tariff-mania-should-you-buy-the-dip-or-stay-the-course/,https://www.cnet.com/a/img/resize/ba7baba64514990caae217b757f652fa773c1810/hub/2025/03/21/a1fc3d8d-f0dc-466f-a791-afb1ebaedfaa/gettyimages-2203826114.jpg?auto=webp&fit=crop&height=675&width=1200,2025-04-07T18:56:00Z,"The longterm impact of the new US tariffs implemented by President Donald Trump may be unclear, but the short-term effects are causing a downturn in the leading US markets. 
After plunging into bear… [+5257 chars]",-0.128
61,"{'id': 'business-insider', 'name': 'Business Insider'}",Hallam Bullock,BI spoke with federal workers who voted for Trump — some have come to regret it,"""I feel betrayed. This is not what I wanted, to let everybody lose their job.""",https://www.businessinsider.com/federal-workers-regret-voting-trump-doge-layoffs-elon-musk-2025-3,https://i.insider.com/67d80286b8b41a9673fad043?width=1200&format=jpeg,2025-03-17T11:07:57Z,"Donald Trump's tariffs have put dealmaking on holdWin McNamee/Getty Images
<ul><li>This post originally appeared in the Business Insider Today newsletter.</li><li>You can sign up for Business Inside… [+6818 chars]",0.0
62,"{'id': 'abc-news', 'name': 'ABC News'}",Max Zahn,Fed Chair Powell says he expects Trump's tariffs will hike inflation,The remarks came as U.S. stocks plummeted over an escalating trade war.,https://abcnews.go.com/Business/fed-chair-powell-expects-trumps-tariffs-hike-inflation/story?id=120489662,https://i.abcnewsfe.com/a/6fe02486-4bef-4793-8fba-0ad26e602e1f/jerome-powell-02-gty-jt-250404_1743781593387_hpMain_16x9.jpg?w=1600,2025-04-04T15:54:23Z,"Fed Chair Jerome Powell said Friday he expects President Donald Trump's tariff policy will hike prices and slow economic growth, while noting that key economic indicators ""still show a solid economy.… [+836 chars]",0.4939
63,"{'id': 'time', 'name': 'Time'}",Josh Beck / AP,"Stocks Surge After Trump Pauses Some Tariffs, Raises Taxes on Chinese Imports",Global markets surged after President Trump abruptly backed down on imposing tariffs on most nations for 90 days.,https://time.com/7276107/trump-tariff-pause/,https://api.time.com/wp-content/uploads/2025/04/trump-tariff-stocks.jpg?quality=85&w=1024&h=628&crop=1,2025-04-09T18:38:22Z,"(WASHINGTON) Facing a global market meltdown, President Donald Trump on Wednesday abruptly backed down on his tariffs on most nations for 90 days, but raised his tax rate on Chinese imports to 125%.… [+307 chars]",0.0129
64,"{'id': 'abc-news', 'name': 'ABC News'}",Max Zahn,"Trump's tariffs still risk inflation and recession amid China trade war, experts say",U.S. stocks plunged on Thursday as investors digested Trump's tariff policy.,https://abcnews.go.com/Business/trumps-tariffs-risk-inflation-recession-china-trade-war/story?id=120686518,https://i.abcnewsfe.com/a/0c6f6f72-540a-42be-b234-e4a90719c04c/donald-trump-2-epa-gmh-250410_1744288628369_hpMain_16x9.jpg?w=1600,2025-04-10T18:34:08Z,"President Donald Trump's decision to pause so-called ""reciprocal tariffs"" for most countries triggered a historic stock market rally on Wednesday, but the levies that remain in place are still expect… [+4604 chars]",0.0
65,"{'id': 'business-insider', 'name': 'Business Insider'}",Lloyd Lee,"Trump's team and supporters justify abrupt tariff reversal: It's 'The Art of the Deal,' dummy",President Donald Trump's 90-day tariff pause came on Wednesday with little warning. His team is saying it's all part of his master plan.,https://www.businessinsider.com/trump-abrupt-tariff-reversal-explained-the-art-of-the-deal-2025-4,https://i.insider.com/67f6cd183fe8d39283629ec1?width=1200&format=jpeg,2025-04-09T22:27:47Z,"President Donald Trump said he would implement a 90-day pause on tariffs as a result of his negotiating strategy.Kevin Dietsch/Getty Images
<ul><li>President Donald Trump ordered a 90-day pause on t… [+3778 chars]",0.0
66,"{'id': 'abc-news', 'name': 'ABC News'}",Max Zahn,US stocks drop slightly in 1st trading since Trump's auto tariffs announced,"The tariffs escalate a global trade war, prompting forecasts of higher car prices.",https://abcnews.go.com/Business/us-stocks-drop-slightly-1st-trading-trumps-auto/story?id=120210860,https://i.abcnewsfe.com/a/8fd4b8e9-f53d-4544-9d79-18c06041eb16/new-york-stock-exchange-rt-jef-250327_1743081641101_hpMain_16x9.jpg?w=1600,2025-03-27T13:41:28Z,"U.S. stocks slid on Thursday in the first trading since President Donald Trump announced 25% auto tariffs, escalating a global trade war and prompting forecasts of higher car prices.
The Dow Jones I… [+1226 chars]",-0.5994
67,"{'id': None, 'name': 'Gizmodo.com'}",Mike Fazioli,"Over 35,000 Amazon Reviewers Love This $30 Crock-Pot Slow Cooker and So Will You","Save 40% on this versatile, easy to use cooker for set-and-forget meal prep and then put the stoneware insert into the dishwasher.",https://gizmodo.com/over-35000-amazon-reviewers-love-this-30-crock-pot-slow-cooker-and-so-will-you-2000585928,https://gizmodo.com/app/uploads/2025/04/Crock-Pot-7-Qt-Slow-Cooker.jpg,2025-04-08T20:15:12Z,The modern conveniences of easy cooking don’t always come from expensive devices with a million buttons and a digital motherboard. Sometimes they’re as one simple set-it-and-forget-it knob on a very … [+2998 chars],0.4404
68,"{'id': None, 'name': 'Gizmodo.com'}",Kyle Barr,"The Next iPhone Could Be Pricier, Tariffs or Not","Apple may eat some cost of Trump's tariffs, but the iPhone maker has every reason to raise prices in 2025.",https://gizmodo.com/the-next-iphone-could-be-pricier-tariffs-or-not-2000585907,https://gizmodo.com/app/uploads/2024/09/iPhone-16-Pro-Review-Hero-1-e1744034422965.jpg,2025-04-07T14:45:11Z,"If youve been waiting on the iPhone 17 for your upgrade, you may want to consider todays iPhone 16 first, especially if your wallet is feeling light lately. Tech is going to get more expensive becaus… [+3061 chars]",0.2023
69,"{'id': 'business-insider', 'name': 'Business Insider'}",Alice Tecotzky,Elon Musk keeps subtly dissing Trump's tariffs,Musk's Monday morning post on X of a video celebrating international trade is just the latest in a string of pointed comments.,https://www.businessinsider.com/elon-musk-diss-trump-tariffs-trade-war-2025-4,https://i.insider.com/67f3dac7b8b41a9673fccf98?width=1200&format=jpeg,2025-04-07T15:07:18Z,"Musk has made pointed but subtle jabs about Trump's tariffs over the past few days.BRENDAN SMIALOWSKI/AFP via Getty Images
<ul><li>Elon Musk posted a video Monday morning celebrating international t… [+1888 chars]",0.7227
70,"{'id': None, 'name': 'Yahoo Entertainment'}",editorial-team@simplywallst.com (Simply Wall St),D-Wave Quantum (NYSE:QBTS) Sees 101% Surge Following Notable US$86 Million Q4 Net Loss,"D-Wave Quantum (NYSE:QBTS) saw an impressive price surge of 101% last week, likely influenced by pivotal recent events. The announcement on March 12 of a...",https://finance.yahoo.com/news/d-wave-quantum-nyse-qbts-173913668.html,https://media.zenfs.com/en/simply_wall_st__316/4ede54afa2108a12bdee07c0b0d94a59,2025-03-19T17:39:13Z,"D-Wave Quantum saw an impressive price surge of 101% last week, likely influenced by pivotal recent events. The announcement on March 12 of a groundbreaking achievement, where their annealing quantum… [+3461 chars]",0.5106
71,"{'id': None, 'name': 'Yahoo Entertainment'}",editorial-team@simplywallst.com (Simply Wall St),Rigetti Computing (NasdaqCM:RGTI) Soars 57% Following US$35M Private Placement Announcement,"Rigetti Computing (NasdaqCM:RGTI) announced a sharp 57% quarterly price surge despite financial challenges, including a marked decline in sales and a...",https://finance.yahoo.com/news/rigetti-computing-nasdaqcm-rgti-soars-172901647.html,https://media.zenfs.com/en/simply_wall_st__316/ce85212c51bd88fd1fdcd0febb642a4a,2025-03-15T17:29:01Z,"Rigetti Computing announced a sharp 57% quarterly price surge despite financial challenges, including a marked decline in sales and a significant net loss across 2024. Key events include a strategic … [+3220 chars]",-0.1833
72,"{'id': 'business-insider', 'name': 'Business Insider'}",Alice Tecotzky,Elon Musk calls Trump advisor Peter Navarro 'truly a moron' and 'dumber than a sack of bricks',"Elon Musk amped up his criticism of Donald Trump's top trade advisor, calling him a ""moron"" amid tariff turmoil.",https://www.businessinsider.com/elon-musk-peter-navarro-moron-tariffs-trump-trade-2025-4,https://i.insider.com/67f53ac4a466d2b74ab2892c?width=1200&format=jpeg,2025-04-08T15:18:54Z,"Elon Musk escalated his attacks on Peter Navarro on Tuesday morning.Getty Images
<ul><li>Elon Musk amped up his attacks on Donald Trump's trade advisor, Peter Navarro, on X.</li><li>The two men disa… [+2088 chars]",-0.7003
73,"{'id': None, 'name': 'Yahoo Entertainment'}",Brett LoGiurato,"Stock market today: Dow sinks 350 points, S&P 500 falls for third day as tariffs send stocks on roller coaster","Wall Street is coming off its worst week since the advent of the pandemic, shedding over $5 trillion in value amid Trump's tariff plans.",https://finance.yahoo.com/news/live/stock-market-today-dow-sinks-350-points-sp-500-falls-for-third-day-as-tariffs-send-stocks-on-roller-coaster-200044633.html,https://s.yimg.com/ny/api/res/1.2/QUulAms0ySQABhiWnz77ZQ--/YXBwaWQ9aGlnaGxhbmRlcjt3PTEyMDA7aD04MDA-/https://s.yimg.com/os/creatr-uploaded-images/2025-04/5e8df700-11aa-11f0-95cf-894923117309,2025-04-07T20:00:44Z,"The stock market has been reeling since Trump's ""Liberation Day"" tariff announcement back on April 2.
But even before this shock announcement tipped the Nasdaq into a bear market and sent the S&amp;… [+3789 chars]",-0.6124
74,"{'id': None, 'name': 'Yahoo Entertainment'}",Katrina Compoli and Peyton Forte,Economic Fear Pummels Stocks Tied to Americans’ Spending,"(Bloomberg) -- President Donald Trump’s fickle trade policies are raising concerns about US economic stability, and the stocks most reliant on the strength...",https://finance.yahoo.com/news/economic-fear-pummels-stocks-closely-154637814.html,https://media.zenfs.com/en/bloomberg_markets_842/81389e38bee5a4bfb50d503a1e5df4b1,2025-03-14T20:20:58Z,"(Bloomberg) -- President Donald Trumps fickle trade policies are raising concerns about US economic stability, and the stocks most reliant on the strength of the American consumer are starting to fee… [+5152 chars]",0.6115
75,"{'id': None, 'name': 'Yahoo Entertainment'}",,3 Reliable Dividend Stocks Yielding Up To 7.5%,,https://consent.yahoo.com/v2/collectConsent?sessionId=1_cc-session_53c37408-4558-4de6-97d1-b88338eb0935,,2025-03-25T11:01:35Z,"If you click 'Accept all', we and our partners, including 238 who are part of the IAB Transparency &amp; Consent Framework, will also store and/or access information on a device (in other words, use … [+702 chars]",0.5423
76,"{'id': None, 'name': 'Yahoo Entertainment'}",Zacks Equity Research,3 Top Dividend Stocks to Maximize Your Retirement Income,"The traditional retirement planning approaches no longer cover all expenses in nest egg years. So what can retirees do? Thankfully, there are alternative...",https://finance.yahoo.com/news/3-top-dividend-stocks-maximize-131003651.html,https://media.zenfs.com/en/zacks.com/bdc2850a48a0f40806db817a9e24f36f,2025-03-24T13:10:03Z,"Believe it or not, seniors fear running out of cash more than they fear dying.
Also, retirees who have constructed a nest egg have valid justifications to be concerned, since the traditional ways to… [+4542 chars]",0.6435
77,"{'id': None, 'name': 'Yahoo Entertainment'}",,3 High-Quality Dividend Stocks Yielding Up To 5.3%,,https://consent.yahoo.com/v2/collectConsent?sessionId=1_cc-session_263baf00-6c64-4dd4-b912-e24b72ce89d8,,2025-03-27T17:01:42Z,"If you click 'Accept all', we and our partners, including 238 who are part of the IAB Transparency &amp; Consent Framework, will also store and/or access information on a device (in other words, use … [+702 chars]",0.5423
78,"{'id': None, 'name': 'Yahoo Entertainment'}",Yahoo Finance,Are options signaling the market stability to come?,"The options market could be signaling better days ahead and an end to 2025's volatile sell-offs, pointing to the SPDR S&P 500 ETF (SPY) falling to a two-year...",https://finance.yahoo.com/video/options-signaling-market-stability-come-132228194.html,https://s.yimg.com/ny/api/res/1.2/jHEeYQ8c9NidJILhKgZMcg--/YXBwaWQ9aGlnaGxhbmRlcjt3PTEyMDA7aD02ODM-/https://s.yimg.com/os/creatr-uploaded-images/2025-03/9b3fe770-0332-11f0-bdce-3d8e8922031b,2025-03-17T13:22:28Z,options market is signaling the worst of the stock selloff could be behind us. The cost of hedging against a 10% drop in the S&amp;P 500 Spy ETF now at a two-year low relative to contracts that profi… [+4438 chars],-0.8074
79,"{'id': None, 'name': 'Yahoo Entertainment'}",Lucy Harley-McKeown,Bitcoin price rises but odds suggest it may have already peaked this year,Odds on prediction market platform Polymarket point to bitcoin's price heading lower still.,https://uk.finance.yahoo.com/news/bitcoin-price-crypto-firms-higher-134846692.html,https://s.yimg.com/ny/api/res/1.2/1OWLlkNjtDnVQ8xVU.kbdQ--/YXBwaWQ9aGlnaGxhbmRlcjt3PTEyMDA7aD04MDA-/https://s.yimg.com/os/creatr-uploaded-images/2025-03/3d650380-08ad-11f0-a83f-3775f3845f13,2025-03-24T13:48:46Z,"Bitcoin (BTC-USD) and ethereum (ETH-USD) prices headed higher on Monday alongside the larger listed crypto firms, as some optimism returns to the market following weeks of heavy selling.
Bitcoin's p… [+2355 chars]",0.5423
80,"{'id': None, 'name': 'Yahoo Entertainment'}",Zacks Equity Research,Are You Looking for a High-Growth Dividend Stock?,"Dividends are one of the best benefits to being a shareholder, but finding a great dividend stock is no easy task. Does Tanger (SKT) have what it takes...",https://finance.yahoo.com/news/looking-high-growth-dividend-stock-154508518.html,https://media.zenfs.com/en/zacks.com/090f58c1efbe3555b861102525e50b39,2025-03-27T15:45:08Z,"Getting big returns from financial portfolios, whether through stocks, bonds, ETFs, other securities, or a combination of all, is an investor's dream. However, when you're an income investor, your pr… [+2405 chars]",0.4939
81,"{'id': 'abc-news', 'name': 'ABC News'}",David Brennan,"Asian markets, US futures slide as Trump's new China tariffs go into effect",Asian stocks plunged again during Wednesday's trading session after President Donald Trump's latest batch of sanctions on China came into force.,https://abcnews.go.com/Business/asian-markets-us-futures-slide-trumps-new-china/story?id=120626507,https://i.abcnewsfe.com/a/74369b24-34ea-4984-8bb8-cb9a676e807b/Nikkei-Weds-DB-250409_1744179689931_hpMain_16x9.jpg?w=1600,2025-04-09T06:30:56Z,"Asian stocks plunged again during Wednesday's trading session after President Donald Trump's latest batch of sanctions on China came into force, helping wipe off Tuesday's limited gains and compoundi… [+1799 chars]",0.4019
82,"{'id': None, 'name': 'CNET'}",Robin Hartill,US Stock Market Plummets: Get Investing Experts' Advice for Protecting Your Savings,New tariff policies have prompted a huge sell-off in the US stock markets and uncertainty for investors.,https://www.cnet.com/personal-finance/us-stock-market-plummets-get-investing-experts-advice-for-protecting-your-savings/,https://www.cnet.com/a/img/resize/ba7baba64514990caae217b757f652fa773c1810/hub/2025/03/21/a1fc3d8d-f0dc-466f-a791-afb1ebaedfaa/gettyimages-2203826114.jpg?auto=webp&fit=crop&height=675&width=1200,2025-04-04T18:52:04Z,"The long-term impact of the new US tariffs implemented by President Donald Trump may be uncertain, but the short-term effects have been obvious -- stock prices in the leading US markets are crumbling… [+4239 chars]",-0.1531
83,"{'id': None, 'name': 'Yahoo Entertainment'}",Julie Hyman,"Alibaba, PDD, JD.com fall on Trump's additional tariff threats","US-listed shares of Chinese companies, like Alibaba (BABA), PDD Holdings (PDD), and JD.com (JD) fall after President Trump threatened an additional 50...",https://finance.yahoo.com/video/alibaba-pdd-jd-com-fall-204736510.html,https://s.yimg.com/ny/api/res/1.2/3MJCuYl3MGoCkPWW_yePrQ--/YXBwaWQ9aGlnaGxhbmRlcjt3PTEyMDA7aD02Nzc-/https://s.yimg.com/os/creatr-uploaded-images/2025-04/6f17b9b0-13f0-11f0-8fff-bd472158df94,2025-04-07T20:47:36Z,"Wanted to check on another group here, and that's US listed shares of Chinese companies. They're under pressure as President Trump is now threatening more tariffs on China. He said this morning on so… [+1889 chars]",-0.5267
84,"{'id': 'time', 'name': 'Time'}",YURI KAGEYAMA / AP,Global Shares Jump After U.S. Stocks Soared to Historic Gains When Trump Paused Most of His Tariffs,"World markets soared on Thursday morning, with Japan’s benchmark jumping more than 9%.",https://time.com/7276326/global-shares-jump-us-stocks-soar-trump-pauses-most-tariffs/,https://api.time.com/wp-content/uploads/2025/04/AP25100097878121.jpg?quality=85&w=1200&h=628&crop=1,2025-04-10T10:00:56Z,"TOKYO World markets soared on Thursday, with Japans benchmark jumping more than 9%, as investors welcomed U.S. President Donald Trumps decision to put his sharp tariff hikes on hold for 90 days, thou… [+2250 chars]",0.34
85,"{'id': 'abc-news', 'name': 'ABC News'}",John Helton,Democrats hammer Trump for his weekend of golf as stocks tumble,"Dow futures opened Sunday evening down 1,500 points, or 4% percent., while the S&P 500 and NASDAQ 100 futures were also down 4%.",https://abcnews.go.com/Politics/democrats-hammer-trump-weekend-golf-stocks-tumble/story?id=120544114,https://i.abcnewsfe.com/a/50a31ddf-ce73-4387-9f64-219dcad036d5/trumpgolf_1743975746342_hpMain_16x9.jpg?w=1600,2025-04-07T00:49:41Z,"As markets braced for another meltdown triggered by President Donald Trump's sweeping tariffs, Democrats hammered the president for spending the weekend golfing rather than responding to Americans' f… [+3114 chars]",0.0
86,"{'id': None, 'name': 'BBC News'}",,Investors facing tariff turmoil: 'It's fastest finger first',Traders are trying to reckon with impact of Trump's shifting tariff policy.,https://www.bbc.com/news/articles/c9djj7pgz57o,https://ichef.bbci.co.uk/news/1024/branded_news/f1a6/live/4d916c30-1631-11f0-ad14-a76bd5311d47.jpg,2025-04-10T18:59:49Z,"Mitch Labiak &amp; Natalie Sherman
As a former champion runner, Richard McDonald can move quickly. 
But the speed of the market falls, triggered by the sweeping global tariffs Donald Trump announce… [+3374 chars]",0.3506
87,"{'id': None, 'name': 'BBC News'}",,Trump's tariffs have shaken the markets - how worried should we be?,"Workers are right to fear for their pensions, but the greater worry is the here and now - the economy they live in.",https://www.bbc.com/news/articles/c77njdlvj66o,https://ichef.bbci.co.uk/news/1024/branded_news/6ea2/live/af4d2300-1196-11f0-9c0d-3d00dc5c90d6.jpg,2025-04-04T21:15:00Z,"Simon Jack
As stock markets continue to tumble after the US imposition of sweeping and swingeing tariffs, many are asking does this qualify as a stock market ""crash"" and what that could mean for the… [+3227 chars]",0.0
88,"{'id': 'business-insider', 'name': 'Business Insider'}",mfox@businessinsider.com (Matthew Fox),Here are the market's biggest losers from Trump's fresh auto tariffs,"JPMorgan analyst Ryan Brinkman called the tariffs ""draconian"" and lowered the bank's price targets for General Motors, Ford, and Ferrari as a result.",https://www.businessinsider.com/auto-tariffs-stocks-biggest-losers-trump-trade-war-ford-gm-2025-3,https://i.insider.com/67e55770b8b41a9673fbd85c?width=1200&format=jpeg,2025-03-27T14:33:24Z,"President Donald Trump announced a 25% tariff rate on all imported vehicles on Wednesday, and investors are spooked. 
Most auto stocks moved lower on Thursday in reaction to the tariffs, with variou… [+2212 chars]",-0.296
89,"{'id': None, 'name': 'Yahoo Entertainment'}",Fahad Saleem,Analyst Says Pfizer (PFE) Stock Will ‘Move Too Fast to Catch’,"We recently published a list of 10 Stocks Market Experts are Talking About These Days. In this article, we are going to take a look at where Pfizer Inc...",https://finance.yahoo.com/news/analyst-says-pfizer-pfe-stock-220229259.html,https://s.yimg.com/ny/api/res/1.2/jXRaR5UucRvfL78xOTIBlQ--/YXBwaWQ9aGlnaGxhbmRlcjt3PTEyMDA7aD03OTU-/https://media.zenfs.com/en/insidermonkey.com/bede06ab4149315d5115f133c0b1480c,2025-03-18T22:02:29Z,"We recently published a list of 10 Stocks Market Experts are Talking About These Days. In this article, we are going to take a look at where Pfizer Inc (NYSE:PFE) stands against other stocks that mar… [+3843 chars]",0.0
90,"{'id': None, 'name': 'NPR'}",Maddy Lauria,Judge finds Newsmax aired false and defamatory claims about voting-tech company,A Delaware judge finds the right-wing network aired false and defamatory statements about Dominion Voting Systems' role in the 2020 presidential election. A jury trial is slated for late April.,https://www.npr.org/2025/04/09/nx-s1-5357885/newsmax-dominion-defamation-2020-election,https://npr.brightspotcdn.com/dims3/default/strip/false/crop/4802x2701+0+0/resize/1400/quality/100/format/jpeg/?url=http%3A%2F%2Fnpr-brightspot.s3.amazonaws.com%2Fda%2Fa8%2F70ac7c7b4d5099cbea29c8bdd419%2Fap25093562580589.jpg,2025-04-10T01:03:34Z,"A Delaware judge, once again, has found that a conservative news outlet broadcast false and defamatory claims about the role a voting technology company played in the 2020 presidential election. This… [+3819 chars]",0.34
91,"{'id': None, 'name': 'Yahoo Entertainment'}",Zacks Equity Research,3 Top-Ranked Dividend Stocks: A Smarter Way to Boost Your Retirement Income,The traditional ways to plan for your retirement may mean income can no longer cover expenses post-employment. But what if there was another option that...,https://finance.yahoo.com/news/3-top-ranked-dividend-stocks-131002095.html,https://media.zenfs.com/en/zacks.com/670d1917693293f70179651625deb88f,2025-03-26T13:10:02Z,"Here's a revealing data point: older Americans are scared more of outliving wealth than of death itself.
Also, retirees who have constructed a nest egg have valid justifications to be concerned, sin… [+4334 chars]",-0.5165
92,"{'id': None, 'name': 'Yahoo Entertainment'}",Ramish Cheema,"Jim Cramer on Ford Motor Company (F): ‘They Have To Either Cut Their Margins, Cut Their Price And Get Hammered’","We recently published an article titled Jim Cramer Discusses These 11 Stocks & President Trump’s Tariffs. In this article, we are going to take a look at...",https://finance.yahoo.com/news/jim-cramer-ford-motor-company-172843083.html,https://s.yimg.com/ny/api/res/1.2/f7ObGrjt9svBuNxR.m.cqg--/YXBwaWQ9aGlnaGxhbmRlcjt3PTEyMDA7aD02NzM-/https://media.zenfs.com/en/insidermonkey.com/4a2f97ff6459f92034d76ce4fcdedbcc,2025-03-14T17:28:43Z,"We recently published an article titled Jim Cramer Discusses These 11 Stocks &amp; President Trump's Tariffs. In this article, we are going to take a look at where Ford Motor Company (NYSE:F) stands … [+5612 chars]",0.0
93,"{'id': None, 'name': 'Yahoo Entertainment'}",,"Morning Bid: Stocks crater again, no 'ifs' or 'puts'",,https://consent.yahoo.com/v2/collectConsent?sessionId=1_cc-session_b0dba762-3e72-4863-9335-867d43bdb8ca,,2025-04-07T11:08:18Z,"If you click 'Accept all', we and our partners, including 239 who are part of the IAB Transparency &amp; Consent Framework, will also store and/or access information on a device (in other words, use … [+702 chars]",0.5423
94,"{'id': None, 'name': 'Yahoo Entertainment'}",,2 No-Brainer Artificial Intelligence Stocks to Buy Right Now,,https://consent.yahoo.com/v2/collectConsent?sessionId=1_cc-session_a41bb58b-99e4-4a34-a80a-4888567d47a4,,2025-04-06T09:35:00Z,"If you click 'Accept all', we and our partners, including 239 who are part of the IAB Transparency &amp; Consent Framework, will also store and/or access information on a device (in other words, use … [+702 chars]",0.5423
95,"{'id': None, 'name': 'Yahoo Entertainment'}",Brad Smith,"Stocks set to surge, Levi's & Walgreens earnings: 3 Things","Here are three stories Wall Street is watching ahead of the market open. All three of the major averages (ES=F, NQ=F, YM=F) are set to surge at the open as...",https://finance.yahoo.com/video/stocks-set-surge-levis-walgreens-130730509.html,https://s.yimg.com/ny/api/res/1.2/4r8he35tZddreIdpDtPXOA--/YXBwaWQ9aGlnaGxhbmRlcjt3PTEyMDA7aD02NzY-/https://s.yimg.com/os/creatr-uploaded-images/2025-04/1ebcf890-1477-11f0-bbff-a886caacd6f9,2025-04-08T13:07:30Z,"First up, stock futures in the green in the US this morning continuing that modest recovery, as investors look for dip buying opportunities while still awaiting clarity on how US trade policies could… [+1570 chars]",0.6486
96,"{'id': None, 'name': 'Slashdot.org'}",EditorDavid,Reddit's 50% Stock-Price Plunge Fails to Entice Buyers as Growth Slows,"Though it's stock price is still up 200% from its IPO in March of 2024
— last week Reddit's stock had dropped nearly 50% since February 7th. 


And then this week, it dropped another 10%, reports Bloomberg, citing both the phenomenon of ""volatile technology s…",https://tech.slashdot.org/story/25/03/29/2152217/reddits-50-stock-price-plunge-fails-to-entice-buyers-as-growth-slows,https://a.fsdn.com/sd/topics/business_64.png,2025-03-30T00:34:00Z,"Though it's stock price is still up 200% from its IPO in March of 2024
— last week Reddit's stock had dropped nearly 50% since February 7th.And then this week, it dropped another 10%, reports Bloomb… [+2101 chars]",0.0
97,"{'id': None, 'name': '9to5Mac'}",Ryan Christoffel,Apple’s Stocks app has a powerful hidden feature for easier tracking,"The US stock market is currently extremely volatile due to tariff uncertainty. As a result, the iPhone’s built-in Stocks app is likely getting more use right now than usual. Here’s a powerful hidden feature of Apple’s Stocks app that makes it easier to stay o…",https://9to5mac.com/2025/04/07/apples-stocks-app-has-a-powerful-hidden-feature-for-easier-tracking/,https://i0.wp.com/9to5mac.com/wp-content/uploads/sites/6/2024/12/stocks-ios182.jpg?resize=1200%2C628&quality=82&strip=all&ssl=1,2025-04-07T19:29:52Z,"The US stock market is currently extremely volatile due to tariff uncertainty. As a result, the iPhones built-in Stocks app is likely getting more use right now than usual. Heres a powerful hidden fe… [+1422 chars]",0.1027
98,"{'id': 'business-insider', 'name': 'Business Insider'}",Tom Carter,Get set to pay more for a new car now Trump's tariffs are here,The 25% levy on all imported passenger vehicles and key components set to take effect next week is likely to add thousands to the price of new cars.,https://www.businessinsider.com/auto-tariffs-trump-price-rises-new-cars-ford-gm-tesla-2025-3,https://i.insider.com/67e530b6b8b41a9673fbd4db?width=1200&format=jpeg,2025-03-27T11:48:59Z,"President Donald Trump's auto tariffs are set to take effect next week. Anna Moneymaker/Getty Images
<ul><li>Trump's auto tariffs have landed — and they may have a major impact on car prices.</li><l… [+4159 chars]",0.0
